Contestant,GameIdForUrl,GameId,Date,FinalScore,Outcome,GameFormat,TournamentName,CoryatScore,QuestionsRight,DailyDoublesRight,QuestionsWrong,DailyDoublesWrong
Brad Rutter,147,3720,"Friday, November 3, 2000",5100,"5-day champion: $55,102",Regular Season,Regular Season,11700,35,2,3,0
Brad Rutter,145,3719,"Thursday, November 2, 2000",15200,"4-day champion: $50,002",Regular Season,Regular Season,12200,24,3,1,0
Brad Rutter,140,3718,"Wednesday, November 1, 2000",10601,"3-day champion: $34,802",Regular Season,Regular Season,9500,27,1,2,0
Brad Rutter,138,3717,"Tuesday, October 31, 2000",14000,"2-day champion: $24,201",Regular Season,Regular Season,13700,34,2,2,0
Brad Rutter,137,3716,"Monday, October 30, 2000",10201,"New champion: $10,201",Regular Season,Regular Season,7800,16,0,2,0
Brad Rutter,326,3950,"Friday, November 2, 2001",17101,Accumulated Game,Tournament,Tournament of Champions,8800,18,2,1,0
Brad Rutter,325,3949,"Thursday, November 1, 2001",2500,Accumulated Game,Tournament,Tournament of Champions,6000,17,0,3,0
Brad Rutter,327,3948,"Wednesday, October 31, 2001",17001,Finalist,Tournament,Tournament of Champions,9600,22,2,1,0
Brad Rutter,296,3944,"Thursday, October 25, 2001",18000,Automatic semifinalist,Tournament,Tournament of Champions,15000,36,3,2,0
Brad Rutter,330,4783,"Wednesday, May 25, 2005",23600,Accumulated Game,Tournament,Ultimate Tournament of Champions,23800,30,1,1,0
Brad Rutter,329,4782,"Tuesday, May 24, 2005",20000,Accumulated Game,Tournament,Ultimate Tournament of Champions,15000,17,0,1,0
Brad Rutter,328,4781,"Monday, May 23, 2005",18400,Accumulated Game,Tournament,Ultimate Tournament of Champions,14600,18,1,2,1
Brad Rutter,324,4780,"Friday, May 20, 2005",26600,Accumulated Game,Tournament,Ultimate Tournament of Champions,26400,30,2,2,1
Brad Rutter,323,4779,"Thursday, May 19, 2005",10000,Accumulated Game,Tournament,Ultimate Tournament of Champions,19600,30,1,4,1
Brad Rutter,309,4771,"Monday, May 9, 2005",6400,"Winner: $30,000 + an advance to UToC Round 4",Tournament,Ultimate Tournament of Champions,11600,17,0,4,2
Brad Rutter,291,4764,"Thursday, April 28, 2005",18200,"Winner: $20,000 + $15,000 as a member of the Nifty Nine + an advance to UToC Round 3",Tournament,Ultimate Tournament of Champions,31600,36,2,2,0
Brad Rutter,566,4087,"Tuesday, May 14, 2002",13801,Accumulated Game,Tournament,Million Dollar Masters,13600,18,0,2,0
Brad Rutter,565,4086,"Monday, May 13, 2002",11800,Accumulated Game,Tournament,Million Dollar Masters,15800,26,2,4,0
Brad Rutter,560,4084,"Thursday, May 9, 2002",39200,Finalist,Tournament,Million Dollar Masters,19600,33,1,4,0
Brad Rutter,342,4079,"Thursday, May 2, 2002",24801,Automatic semifinalist,Tournament,Million Dollar Masters,17800,26,1,4,0
Brad Rutter,3577,6088,"Wednesday, February 16, 2011",11200,Accumulated Game,Exhibition,IBM Challenge,5600,12,0,2,0
Brad Rutter,3576,6087,"Tuesday, February 15, 2011",10400,Accumulated Game,Exhibition,IBM Challenge,5400,10,0,1,0
Brad Rutter,6231,7941,"Monday, March 4, 2019",36000,Accumulated Game,Tournament,All-Star Games,19600,26,2,0,0
Brad Rutter,6225,7935,"Friday, February 22, 2019",8400,Accumulated Game,Tournament,All-Star Games,4200,12,0,5,0
Brad Rutter,6224,7934,"Thursday, February 21, 2019",49800,Accumulated Game,Tournament,All-Star Games,23600,27,2,1,0
Brad Rutter,6232,7942,"Tuesday, March 5, 2019",34000,Accumulated Game,Tournament,All-Star Games,22000,23,3,0,0
Brad Rutter,4506,6840,"Friday, May 16, 2014",11800,Accumulated Game,Tournament,Battle of the Decades,11200,17,2,3,0
Brad Rutter,4505,6839,"Thursday, May 15, 2014",10000,Accumulated Game,Tournament,Battle of the Decades,17200,21,1,4,1
Brad Rutter,4502,6837,"Tuesday, May 13, 2014",32800,Finalist,Tournament,Battle of the Decades,27400,32,2,3,1
Brad Rutter,4496,6833,"Wednesday, May 7, 2014",32400,Automatic semifinalist,Tournament,Battle of the Decades,19800,22,3,2,0
Brad Rutter,4442,6790,"Friday, March 7, 2014",30600,Quarterfinalist,Tournament,Battle of the Decades,28400,33,2,3,0
Brad Rutter,6526,7,"Tuesday, January 14, 2020",0,Accumulated Game,Regular Season,Greatest of All Time,6800,10,0,2,1
Brad Rutter,6527,8,"Tuesday, January 14, 2020",1400,Accumulated Game,Regular Season,Greatest of All Time,1400,4,0,0,0
Brad Rutter,6521,5,"Thursday, January 9, 2020",17600,Accumulated Game,Regular Season,Greatest of All Time,12200,11,0,1,1
Brad Rutter,6522,6,"Thursday, January 9, 2020",5867,Accumulated Game,Regular Season,Greatest of All Time,8600,10,2,1,0
Brad Rutter,6518,3,"Wednesday, January 8, 2020",14400,Accumulated Game,Regular Season,Greatest of All Time,7200,10,0,2,0
Brad Rutter,6519,4,"Wednesday, January 8, 2020",3600,Accumulated Game,Regular Season,Greatest of All Time,200,8,1,4,1
Brad Rutter,6515,1,"Tuesday, January 7, 2020",10400,Accumulated Game,Regular Season,Greatest of All Time,8400,10,1,2,1
Brad Rutter,6516,2,"Tuesday, January 7, 2020",0,Accumulated Game,Regular Season,Greatest of All Time,16600,18,0,2,2
Ken Jennings,920,4595,"Friday, July 23, 2004",75000,"38-day champion: $1,321,660",Regular Season,Regular Season,37600,44,2,2,0
Ken Jennings,58,4653,"Wednesday, November 24, 2004",55099,"71-day champion: $2,410,100",Regular Season,Regular Season,36200,43,2,2,1
Ken Jennings,330,4783,"Wednesday, May 25, 2005",8599,Accumulated Game,Tournament,Ultimate Tournament of Champions,7600,13,1,4,0
Ken Jennings,329,4782,"Tuesday, May 24, 2005",10000,Accumulated Game,Tournament,Ultimate Tournament of Champions,10600,17,1,2,1
Ken Jennings,328,4781,"Monday, May 23, 2005",16000,Accumulated Game,Tournament,Ultimate Tournament of Champions,12800,23,1,4,0
Ken Jennings,62,4657,"Tuesday, November 30, 2004",8799,"2nd place: $2,000",Regular Season,Regular Season,22400,29,1,4,2
Ken Jennings,61,4656,"Monday, November 29, 2004",29000,"74-day champion: $2,520,700",Regular Season,Regular Season,22600,27,1,1,0
Ken Jennings,60,4655,"Friday, November 26, 2004",31600,"73-day champion: $2,491,700",Regular Season,Regular Season,31600,38,2,3,0
Ken Jennings,59,4654,"Thursday, November 25, 2004",50000,"72-day champion: $2,460,100",Regular Season,Regular Season,29400,38,2,2,0
Ken Jennings,47,4642,"Tuesday, November 9, 2004",30000,"70-day champion: $2,355,001",Regular Season,Regular Season,24400,28,1,4,0
Ken Jennings,46,4641,"Monday, November 8, 2004",19200,"69-day champion: $2,325,001",Regular Season,Regular Season,28400,36,1,4,1
Ken Jennings,45,4640,"Saturday, November 6, 2004",33201,"68-day champion: $2,305,801",Regular Season,Regular Season,26600,31,2,2,1
Ken Jennings,44,4639,"Friday, November 5, 2004",25600,"67-day champion: $2,272,600",Regular Season,Regular Season,36000,41,3,2,0
Ken Jennings,43,4638,"Thursday, November 4, 2004",50000,"66-day champion: $2,247,000",Regular Season,Regular Season,27200,36,2,2,0
Ken Jennings,42,4637,"Wednesday, November 3, 2004",45099,"65-day champion: $2,197,000",Regular Season,Regular Season,31800,37,3,1,0
Ken Jennings,41,4636,"Monday, November 1, 2004",26600,"64-day champion: $2,151,901",Regular Season,Regular Season,29600,36,2,3,1
Ken Jennings,40,4635,"Friday, October 29, 2004",30000,"63-day champion: $2,125,301",Regular Season,Regular Season,26600,35,1,4,1
Ken Jennings,39,4634,"Thursday, October 28, 2004",30000,"62-day champion: $2,095,301",Regular Season,Regular Season,21200,32,1,5,1
Ken Jennings,38,4633,"Wednesday, October 27, 2004",34001,"61-day champion: $2,065,301",Regular Season,Regular Season,22200,32,1,4,0
Ken Jennings,37,4632,"Tuesday, October 26, 2004",25000,"60-day champion: $2,031,300",Regular Season,Regular Season,17400,25,2,5,0
Ken Jennings,36,4631,"Monday, October 25, 2004",30000,"59-day champion: $2,006,300",Regular Season,Regular Season,27800,33,1,2,1
Ken Jennings,30,4625,"Friday, October 15, 2004",40000,"58-day champion: $1,976,300",Regular Season,Regular Season,29400,36,2,4,0
Ken Jennings,29,4624,"Thursday, October 14, 2004",29900,"57-day champion: $1,936,300",Regular Season,Regular Season,22400,35,2,5,0
Ken Jennings,28,4623,"Wednesday, October 13, 2004",28300,"56-day champion: $1,906,400",Regular Season,Regular Season,23600,34,2,5,0
Ken Jennings,27,4622,"Tuesday, October 12, 2004",35000,"55-day champion: $1,878,100",Regular Season,Regular Season,27200,35,1,5,1
Ken Jennings,26,4621,"Monday, October 11, 2004",35000,"54-day champion: $1,843,100",Regular Season,Regular Season,26000,34,1,3,0
Ken Jennings,25,4620,"Friday, October 8, 2004",30000,"53-day champion: $1,808,100",Regular Season,Regular Season,36400,42,3,6,0
Ken Jennings,24,4619,"Thursday, October 7, 2004",40000,"52-day champion: $1,778,100",Regular Season,Regular Season,27800,36,2,3,0
Ken Jennings,23,4618,"Wednesday, October 6, 2004",38400,"51-day champion: $1,738,100",Regular Season,Regular Season,32600,41,3,2,0
Ken Jennings,22,4617,"Tuesday, October 5, 2004",35038,"50-day champion: $1,699,700",Regular Season,Regular Season,28800,34,2,4,0
Ken Jennings,21,4616,"Monday, October 4, 2004",29601,"49-day champion: $1,664,662",Regular Season,Regular Season,17600,26,1,6,1
Ken Jennings,10,4605,"Friday, September 17, 2004",50000,"48-day champion: $1,635,061",Regular Season,Regular Season,35800,41,2,4,1
Ken Jennings,9,4604,"Thursday, September 16, 2004",30000,"47-day champion: $1,585,061",Regular Season,Regular Season,20400,31,2,6,0
Ken Jennings,8,4603,"Wednesday, September 15, 2004",37600,"46-day champion: $1,555,061",Regular Season,Regular Season,37000,41,1,2,0
Ken Jennings,7,4602,"Tuesday, September 14, 2004",40000,"45-day champion: $1,517,461",Regular Season,Regular Season,26800,39,2,4,0
Ken Jennings,6,4601,"Monday, September 13, 2004",45000,"44-day champion: $1,477,461",Regular Season,Regular Season,32200,41,2,2,0
Ken Jennings,5,4600,"Friday, September 10, 2004",30000,"43-day champion: $1,432,461",Regular Season,Regular Season,28600,34,2,3,1
Ken Jennings,4,4599,"Thursday, September 9, 2004",21800,"42-day champion: $1,402,461",Regular Season,Regular Season,33400,42,1,5,2
Ken Jennings,3,4598,"Wednesday, September 8, 2004",27200,"41-day champion: $1,380,661",Regular Season,Regular Season,26400,40,2,5,0
Ken Jennings,2,4597,"Tuesday, September 7, 2004",21800,"40-day champion: $1,353,461",Regular Season,Regular Season,25800,31,1,3,0
Ken Jennings,1,4596,"Monday, September 6, 2004",10001,"39-day champion: $1,331,661",Regular Season,Regular Season,29600,38,2,3,1
Ken Jennings,2732,4594,"Thursday, July 22, 2004",52000,"37-day champion: $1,246,660",Regular Season,Regular Season,30200,39,3,1,0
Ken Jennings,2731,4593,"Wednesday, July 21, 2004",30000,"36-day champion: $1,194,660",Regular Season,Regular Season,22600,40,2,5,0
Ken Jennings,2730,4592,"Tuesday, July 20, 2004",29200,"35-day champion: $1,164,660",Regular Season,Regular Season,33200,45,2,3,0
Ken Jennings,2729,4591,"Monday, July 19, 2004",35000,"34-day champion: $1,135,460",Regular Season,Regular Season,27600,31,1,1,1
Ken Jennings,2485,4590,"Friday, July 16, 2004",50000,"33-day champion: $1,100,460",Regular Season,Regular Season,30800,40,3,4,0
Ken Jennings,2723,4589,"Thursday, July 15, 2004",28000,"32-day champion: $1,050,460",Regular Season,Regular Season,22800,29,1,4,0
Ken Jennings,2722,4588,"Wednesday, July 14, 2004",17500,"31-day champion: $1,022,460",Regular Season,Regular Season,28400,34,0,7,3
Ken Jennings,2721,4587,"Tuesday, July 13, 2004",32000,"30-day champion: $1,004,960",Regular Season,Regular Season,37200,43,3,2,0
Ken Jennings,2705,4586,"Monday, July 12, 2004",52000,"29-day champion: $972,960",Regular Season,Regular Season,29600,42,2,4,0
Ken Jennings,2704,4585,"Friday, July 9, 2004",52000,"28-day champion: $920,960",Regular Season,Regular Season,28600,39,2,2,0
Ken Jennings,2703,4584,"Thursday, July 8, 2004",40000,"27-day champion: $868,960",Regular Season,Regular Season,24400,32,2,1,0
Ken Jennings,2700,4583,"Wednesday, July 7, 2004",40000,"26-day champion: $828,960",Regular Season,Regular Season,27400,33,3,2,0
Ken Jennings,2699,4582,"Tuesday, July 6, 2004",14000,"25-day champion: $788,960",Regular Season,Regular Season,22000,32,0,5,0
Ken Jennings,2697,4581,"Monday, July 5, 2004",19600,"24-day champion: $774,960",Regular Season,Regular Season,19000,32,3,6,0
Ken Jennings,2696,4580,"Friday, July 2, 2004",17600,"23-day champion: $755,360",Regular Season,Regular Season,22400,35,1,8,1
Ken Jennings,2695,4579,"Thursday, July 1, 2004",40000,"22-day champion: $737,760",Regular Season,Regular Season,30400,34,2,3,0
Ken Jennings,2694,4578,"Wednesday, June 30, 2004",35000,"21-day champion: $697,760",Regular Season,Regular Season,28400,36,2,3,0
Ken Jennings,2693,4577,"Tuesday, June 29, 2004",40000,"20-day champion: $662,760",Regular Season,Regular Season,26600,37,2,3,0
Ken Jennings,2687,4576,"Monday, June 28, 2004",21000,"19-day champion: $622,760",Regular Season,Regular Season,21800,26,3,2,0
Ken Jennings,2684,4575,"Friday, June 25, 2004",48801,"18-day champion: $601,760",Regular Season,Regular Season,23800,27,2,0,0
Ken Jennings,2683,4574,"Thursday, June 24, 2004",40000,"17-day champion: $552,959",Regular Season,Regular Season,33800,39,1,4,1
Ken Jennings,2682,4573,"Wednesday, June 23, 2004",26000,"16-day champion: $512,959",Regular Season,Regular Season,24400,35,3,4,0
Ken Jennings,2678,4572,"Tuesday, June 22, 2004",15200,"15-day champion: $486,959",Regular Season,Regular Season,24400,31,2,5,1
Ken Jennings,2675,4571,"Monday, June 21, 2004",31601,"14-day champion: $471,759",Regular Season,Regular Season,24000,29,1,3,0
Ken Jennings,1619,4570,"Friday, June 18, 2004",30000,"13-day champion: $440,158",Regular Season,Regular Season,25400,33,2,1,0
Ken Jennings,1613,4569,"Thursday, June 17, 2004",34000,"12-day champion: $410,158",Regular Season,Regular Season,33200,39,2,4,0
Ken Jennings,1612,4568,"Wednesday, June 16, 2004",35000,"11-day champion: $376,158",Regular Season,Regular Season,28400,38,2,5,0
Ken Jennings,1611,4567,"Tuesday, June 15, 2004",50000,"10-day champion: $341,158",Regular Season,Regular Season,32600,40,2,2,1
Ken Jennings,1610,4566,"Monday, June 14, 2004",25000,"9-day champion: $291,158",Regular Season,Regular Season,26400,29,0,3,2
Ken Jennings,1594,4565,"Friday, June 11, 2004",35158,"8-day champion: $266,158",Regular Season,Regular Season,35400,41,3,0,0
Ken Jennings,1587,4564,"Thursday, June 10, 2004",50000,"7-day champion: $231,000",Regular Season,Regular Season,39200,43,2,2,0
Ken Jennings,1576,4563,"Wednesday, June 9, 2004",25000,"6-day champion: $181,000",Regular Season,Regular Season,23400,34,0,2,1
Ken Jennings,1552,4562,"Tuesday, June 8, 2004",29799,"5-day champion: $156,000",Regular Season,Regular Season,30400,33,2,1,0
Ken Jennings,1551,4561,"Monday, June 7, 2004",30000,"4-day champion: $126,201",Regular Season,Regular Season,24400,25,1,0,0
Ken Jennings,1539,4560,"Friday, June 4, 2004",37000,"3-day champion: $96,201",Regular Season,Regular Season,30600,36,3,1,0
Ken Jennings,1517,4559,"Thursday, June 3, 2004",22000,"2-day champion: $59,201",Regular Season,Regular Season,30000,33,1,2,0
Ken Jennings,224,4558,"Wednesday, June 2, 2004",37201,"New champion: $37,201",Regular Season,Regular Season,19600,27,1,3,0
Ken Jennings,3577,6088,"Wednesday, February 16, 2011",19200,Accumulated Game,Exhibition,IBM Challenge,15200,17,1,1,0
Ken Jennings,3576,6087,"Tuesday, February 15, 2011",4800,Accumulated Game,Exhibition,IBM Challenge,2400,9,0,3,0
Ken Jennings,6231,7941,"Monday, March 4, 2019",32500,Accumulated Game,Tournament,All-Star Games,22800,22,1,1,0
Ken Jennings,6227,7937,"Tuesday, February 26, 2019",40003,Accumulated Game,Tournament,All-Star Games,24000,27,3,2,0
Ken Jennings,6232,7942,"Tuesday, March 5, 2019",16200,Accumulated Game,Tournament,All-Star Games,16200,21,0,2,0
Ken Jennings,6228,7938,"Wednesday, February 27, 2019",30738,Accumulated Game,Tournament,All-Star Games,24400,27,2,2,0
Ken Jennings,4506,6840,"Friday, May 16, 2014",599,Accumulated Game,Tournament,Battle of the Decades,13600,20,0,1,0
Ken Jennings,4505,6839,"Thursday, May 15, 2014",7000,Accumulated Game,Tournament,Battle of the Decades,12000,21,0,3,0
Ken Jennings,4503,6836,"Monday, May 12, 2014",30401,Finalist,Tournament,Battle of the Decades,21200,32,1,2,1
Ken Jennings,4499,6834,"Thursday, May 8, 2014",40000,Automatic semifinalist,Tournament,Battle of the Decades,27000,32,1,3,1
Ken Jennings,4465,6809,"Thursday, April 3, 2014",23600,Quarterfinalist,Tournament,Battle of the Decades,16200,24,2,3,0
Ken Jennings,6526,7,"Tuesday, January 14, 2020",65600,Accumulated Game,Regular Season,Greatest of All Time,16400,22,2,1,0
Ken Jennings,6527,8,"Tuesday, January 14, 2020",23000,Accumulated Game,Regular Season,Greatest of All Time,21000,22,1,2,1
Ken Jennings,6521,5,"Thursday, January 9, 2020",51200,Accumulated Game,Regular Season,Greatest of All Time,18000,21,1,2,0
Ken Jennings,6522,6,"Thursday, January 9, 2020",16400,Accumulated Game,Regular Season,Greatest of All Time,17600,22,0,1,0
Ken Jennings,6518,3,"Wednesday, January 8, 2020",40000,Accumulated Game,Regular Season,Greatest of All Time,15600,18,1,1,0
Ken Jennings,6519,4,"Wednesday, January 8, 2020",17400,Accumulated Game,Regular Season,Greatest of All Time,21200,26,0,1,0
Ken Jennings,6515,1,"Tuesday, January 7, 2020",45000,Accumulated Game,Regular Season,Greatest of All Time,25800,29,1,0,0
Ken Jennings,6516,2,"Tuesday, January 7, 2020",18400,Accumulated Game,Regular Season,Greatest of All Time,10400,19,1,5,0
James Holzhauer,6259,7967,"Tuesday, April 9, 2019",110914,"4-day champion: $244,365",Regular Season,Regular Season,35400,42,3,1,0
James Holzhauer,6266,7973,"Wednesday, April 17, 2019",131127,"10-day champion: $697,787",Regular Season,Regular Season,36600,40,2,0,0
James Holzhauer,6468,8095,"Friday, November 15, 2019",27597,Accumulated Game,Tournament,Tournament of Champions,24800,30,1,3,1
James Holzhauer,6467,8094,"Thursday, November 14, 2019",49326,Accumulated Game,Tournament,Tournament of Champions,22400,28,2,3,1
James Holzhauer,6465,8092,"Tuesday, November 12, 2019",30156,Finalist,Tournament,Tournament of Champions,22600,27,2,1,0
James Holzhauer,6461,8088,"Wednesday, November 6, 2019",30635,Automatic semifinalist,Tournament,Tournament of Champions,31200,33,1,1,0
James Holzhauer,6304,8006,"Monday, June 3, 2019",24799,"2nd place: $2,000",Regular Season,Regular Season,23400,25,1,0,0
James Holzhauer,6303,8005,"Friday, May 31, 2019",79633,"32-day champion: $2,462,216",Regular Season,Regular Season,33600,37,3,3,0
James Holzhauer,6302,8004,"Thursday, May 30, 2019",58612,"31-day champion: $2,382,583",Regular Season,Regular Season,26000,32,3,1,0
James Holzhauer,6300,8003,"Wednesday, May 29, 2019",69033,"30-day champion: $2,323,971",Regular Season,Regular Season,31400,35,2,1,0
James Holzhauer,6297,8002,"Tuesday, May 28, 2019",59381,"29-day champion: $2,254,938",Regular Season,Regular Season,32000,34,1,0,0
James Holzhauer,6295,8001,"Monday, May 27, 2019",130022,"28-day champion: $2,195,557",Regular Season,Regular Season,37600,40,3,0,0
James Holzhauer,6293,8000,"Friday, May 24, 2019",74400,"27-day champion: $2,065,535",Regular Season,Regular Season,28200,37,1,2,0
James Holzhauer,6292,7999,"Thursday, May 23, 2019",52108,"26-day champion: $1,991,135",Regular Season,Regular Season,24600,26,1,1,0
James Holzhauer,6291,7998,"Wednesday, May 22, 2019",71885,"25-day champion: $1,939,027",Regular Season,Regular Season,31600,35,2,1,0
James Holzhauer,6290,7997,"Tuesday, May 21, 2019",86905,"24-day champion: $1,867,142",Regular Season,Regular Season,31400,34,3,0,0
James Holzhauer,6289,7996,"Monday, May 20, 2019",89229,"23-day champion: $1,780,237",Regular Season,Regular Season,32000,37,3,0,0
James Holzhauer,6278,7985,"Friday, May 3, 2019",82381,"22-day champion: $1,691,008",Regular Season,Regular Season,37200,43,2,0,0
James Holzhauer,6277,7984,"Thursday, May 2, 2019",80615,"21-day champion: $1,608,627",Regular Season,Regular Season,31800,35,3,4,0
James Holzhauer,6276,7983,"Wednesday, May 1, 2019",101682,"20-day champion: $1,528,012",Regular Season,Regular Season,38200,42,3,0,0
James Holzhauer,6275,7982,"Tuesday, April 30, 2019",96726,"19-day champion: $1,426,330",Regular Season,Regular Season,37800,43,3,0,0
James Holzhauer,6274,7981,"Monday, April 29, 2019",54017,"18-day champion: $1,329,604",Regular Season,Regular Season,25600,28,1,1,1
James Holzhauer,6273,7980,"Friday, April 26, 2019",49600,"17-day champion: $1,275,587",Regular Season,Regular Season,29600,34,0,2,0
James Holzhauer,6272,7979,"Thursday, April 25, 2019",90812,"16-day champion: $1,225,987",Regular Season,Regular Season,28400,36,3,1,0
James Holzhauer,6271,7978,"Wednesday, April 24, 2019",73621,"15-day champion: $1,135,175",Regular Season,Regular Season,32000,37,2,1,0
James Holzhauer,6270,7977,"Tuesday, April 23, 2019",118816,"14-day champion: $1,061,554",Regular Season,Regular Season,34000,41,3,1,0
James Holzhauer,6269,7976,"Monday, April 22, 2019",90812,"13-day champion: $942,738",Regular Season,Regular Season,33600,37,3,0,0
James Holzhauer,6268,7975,"Friday, April 19, 2019",80006,"12-day champion: $851,926",Regular Season,Regular Season,25600,35,2,4,1
James Holzhauer,6267,7974,"Thursday, April 18, 2019",74133,"11-day champion: $771,920",Regular Season,Regular Season,33400,39,3,0,0
James Holzhauer,6265,7972,"Tuesday, April 16, 2019",106181,"9-day champion: $566,660",Regular Season,Regular Season,36000,42,3,2,0
James Holzhauer,6263,7971,"Monday, April 15, 2019",45444,"8-day champion: $460,479",Regular Season,Regular Season,30800,37,2,2,1
James Holzhauer,6262,7970,"Friday, April 12, 2019",89158,"7-day champion: $415,035",Regular Season,Regular Season,29400,32,3,0,0
James Holzhauer,6261,7969,"Thursday, April 11, 2019",27190,"6-day champion: $325,877",Regular Season,Regular Season,18200,25,2,2,0
James Holzhauer,6260,7968,"Wednesday, April 10, 2019",54322,"5-day champion: $298,687",Regular Season,Regular Season,28600,31,1,2,1
James Holzhauer,6258,7966,"Monday, April 8, 2019",50845,"3-day champion: $133,451",Regular Season,Regular Season,28400,30,2,1,0
James Holzhauer,6257,7965,"Friday, April 5, 2019",38926,"2-day champion: $82,606",Regular Season,Regular Season,18800,22,1,1,0
James Holzhauer,6256,7964,"Thursday, April 4, 2019",43680,"New champion: $43,680",Regular Season,Regular Season,27800,31,2,1,0
James Holzhauer,6526,7,"Tuesday, January 14, 2020",34181,Accumulated Game,Regular Season,Greatest of All Time,22800,23,0,0,0
James Holzhauer,6527,8,"Tuesday, January 14, 2020",0,Accumulated Game,Regular Season,Greatest of All Time,25400,30,1,1,0
James Holzhauer,6521,5,"Thursday, January 9, 2020",27200,Accumulated Game,Regular Season,Greatest of All Time,13200,24,1,3,0
James Holzhauer,6522,6,"Thursday, January 9, 2020",6492,Accumulated Game,Regular Season,Greatest of All Time,12400,22,0,4,1
James Holzhauer,6518,3,"Wednesday, January 8, 2020",44314,Accumulated Game,Regular Season,Greatest of All Time,20400,28,2,2,0
James Holzhauer,6519,4,"Wednesday, January 8, 2020",38100,Accumulated Game,Regular Season,Greatest of All Time,16000,22,1,2,0
James Holzhauer,6515,1,"Tuesday, January 7, 2020",33200,Accumulated Game,Regular Season,Greatest of All Time,16600,20,0,0,0
James Holzhauer,6516,2,"Tuesday, January 7, 2020",30000,Accumulated Game,Regular Season,Greatest of All Time,15000,19,0,2,0
David Madden,966,5002,"Tuesday, May 16, 2006",0,"3rd place: $10,000",Tournament,Tournament of Champions,4400,15,1,6,0
David Madden,959,4999,"Thursday, May 11, 2006",28001,Automatic semifinalist,Tournament,Tournament of Champions,20200,22,2,2,0
David Madden,512,4831,"Monday, September 19, 2005",13300,"2nd place: $2,000",Regular Season,Regular Season,7400,11,0,3,0
David Madden,509,4830,"Friday, September 16, 2005",16500,"19-day champion: $430,400",Regular Season,Regular Season,20000,23,2,3,0
David Madden,507,4829,"Thursday, September 15, 2005",22000,"18-day champion: $413,900",Regular Season,Regular Season,14400,17,3,0,0
David Madden,506,4828,"Wednesday, September 14, 2005",13200,"17-day champion: $391,900",Regular Season,Regular Season,15800,20,2,3,1
David Madden,503,4827,"Tuesday, September 13, 2005",23999,"16-day champion: $378,700",Regular Season,Regular Season,19800,25,2,3,0
David Madden,487,4826,"Monday, September 12, 2005",21400,"15-day champion: $354,701",Regular Season,Regular Season,23000,27,1,0,0
David Madden,459,4825,"Friday, July 22, 2005",28200,"14-day champion: $333,301",Regular Season,Regular Season,22800,26,3,0,0
David Madden,457,4824,"Thursday, July 21, 2005",25000,"13-day champion: $305,101",Regular Season,Regular Season,18800,21,3,2,0
David Madden,455,4823,"Wednesday, July 20, 2005",11000,"12-day champion: $280,101",Regular Season,Regular Season,8000,18,1,7,0
David Madden,453,4822,"Tuesday, July 19, 2005",30001,"11-day champion: $269,101",Regular Season,Regular Season,15400,18,2,2,0
David Madden,452,4821,"Monday, July 18, 2005",22000,"10-day champion: $239,100",Regular Season,Regular Season,22600,24,3,3,0
David Madden,448,4820,"Friday, July 15, 2005",18600,"9-day champion: $217,100",Regular Season,Regular Season,16200,21,2,1,0
David Madden,447,4819,"Thursday, July 14, 2005",25000,"8-day champion: $198,500",Regular Season,Regular Season,22800,27,3,2,0
David Madden,444,4818,"Wednesday, July 13, 2005",18000,"7-day champion: $173,500",Regular Season,Regular Season,18000,26,1,2,0
David Madden,442,4817,"Tuesday, July 12, 2005",29000,"6-day champion: $155,500",Regular Season,Regular Season,24800,30,3,0,0
David Madden,439,4816,"Monday, July 11, 2005",32100,"5-day champion: $126,500",Regular Season,Regular Season,33000,35,3,0,0
David Madden,433,4815,"Friday, July 8, 2005",25000,"4-day champion: $94,400",Regular Season,Regular Season,22000,26,2,3,1
David Madden,431,4814,"Thursday, July 7, 2005",34200,"3-day champion: $69,400",Regular Season,Regular Season,24800,32,2,0,0
David Madden,428,4813,"Wednesday, July 6, 2005",18800,"2-day champion: $35,200",Regular Season,Regular Season,20000,26,3,1,0
David Madden,426,4812,"Tuesday, July 5, 2005",16400,"New champion: $16,400",Regular Season,Regular Season,16400,17,0,1,0
David Madden,6232,7942,"Tuesday, March 5, 2019",34000,Accumulated Game,Tournament,All-Star Games,22000,23,3,0,0
David Madden,6225,7935,"Friday, February 22, 2019",8400,Accumulated Game,Tournament,All-Star Games,4200,12,0,5,0
David Madden,6231,7941,"Monday, March 4, 2019",36000,Accumulated Game,Tournament,All-Star Games,19600,26,2,0,0
David Madden,6224,7934,"Thursday, February 21, 2019",49800,Accumulated Game,Tournament,All-Star Games,23600,27,2,1,0
Larissa Kelly,2492,5473,"Wednesday, May 28, 2008",1800,"3rd place: $1,000",Regular Season,Regular Season,13800,19,0,4,2
Larissa Kelly,2491,5472,"Tuesday, May 27, 2008",42800,"6-day champion: $222,597",Regular Season,Regular Season,19400,21,1,1,0
Larissa Kelly,2489,5471,"Monday, May 26, 2008",33600,"5-day champion: $179,797",Regular Season,Regular Season,15800,22,1,2,0
Larissa Kelly,2487,5470,"Friday, May 23, 2008",37597,"4-day champion: $146,197",Regular Season,Regular Season,15400,20,1,3,1
Larissa Kelly,2488,5469,"Thursday, May 22, 2008",28000,"3-day champion: $108,600",Regular Season,Regular Season,16000,21,0,2,0
Larissa Kelly,2486,5468,"Wednesday, May 21, 2008",35400,"2-day champion: $80,600",Regular Season,Regular Season,25200,29,2,2,0
Larissa Kelly,2484,5467,"Tuesday, May 20, 2008",45200,"New champion: $45,200",Regular Season,Regular Season,30400,29,2,0,0
Larissa Kelly,2966,5657,"Tuesday, March 24, 2009",6800,Accumulated Game,Tournament,Tournament of Champions,17000,26,2,1,0
Larissa Kelly,2965,5656,"Monday, March 23, 2009",24400,Accumulated Game,Tournament,Tournament of Champions,12000,18,1,3,0
Larissa Kelly,2962,5654,"Thursday, March 19, 2009",30000,Finalist,Tournament,Tournament of Champions,21600,28,1,3,1
Larissa Kelly,2957,5649,"Thursday, March 12, 2009",26400,Automatic semifinalist,Tournament,Tournament of Champions,22000,26,1,1,0
Larissa Kelly,6224,7934,"Thursday, February 21, 2019",49800,Accumulated Game,Tournament,All-Star Games,23600,27,2,1,0
Larissa Kelly,6232,7942,"Tuesday, March 5, 2019",34000,Accumulated Game,Tournament,All-Star Games,22000,23,3,0,0
Larissa Kelly,6231,7941,"Monday, March 4, 2019",36000,Accumulated Game,Tournament,All-Star Games,19600,26,2,0,0
Larissa Kelly,6225,7935,"Friday, February 22, 2019",8400,Accumulated Game,Tournament,All-Star Games,4200,12,0,5,0
Larissa Kelly,4463,6808,"Wednesday, April 2, 2014",14799,"2nd place: $5,000",Tournament,Battle of the Decades,18400,23,2,1,0
Matt Jackson,5104,7175,"Friday, November 20, 2015",7200,Accumulated Game,Tournament,Tournament of Champions,17200,21,0,3,1
Matt Jackson,5103,7174,"Thursday, November 19, 2015",3000,Accumulated Game,Tournament,Tournament of Champions,11200,17,1,2,0
Matt Jackson,5101,7173,"Wednesday, November 18, 2015",28400,Finalist,Tournament,Tournament of Champions,22400,23,1,0,0
Matt Jackson,5095,7168,"Wednesday, November 11, 2015",24898,Automatic semifinalist,Tournament,Tournament of Champions,21400,29,1,0,0
Matt Jackson,5066,7148,"Wednesday, October 14, 2015",399,"2nd place: $2,000",Regular Season,Regular Season,13800,19,2,2,0
Matt Jackson,5065,7147,"Tuesday, October 13, 2015",21201,"13-day champion: $411,612",Regular Season,Regular Season,25200,29,2,0,0
Matt Jackson,5064,7146,"Monday, October 12, 2015",51000,"12-day champion: $390,411",Regular Season,Regular Season,25800,29,2,0,0
Matt Jackson,5063,7145,"Friday, October 9, 2015",50000,"11-day champion: $339,411",Regular Season,Regular Season,28200,28,2,1,0
Matt Jackson,5062,7144,"Thursday, October 8, 2015",40000,"10-day champion: $289,411",Regular Season,Regular Season,33400,34,3,0,0
Matt Jackson,5061,7143,"Wednesday, October 7, 2015",18801,"9-day champion: $249,411",Regular Season,Regular Season,17000,22,1,3,1
Matt Jackson,5059,7142,"Tuesday, October 6, 2015",40009,"8-day champion: $230,610",Regular Season,Regular Season,29200,33,2,1,0
Matt Jackson,5058,7141,"Monday, October 5, 2015",24200,"7-day champion: $190,601",Regular Season,Regular Season,26400,27,2,1,1
Matt Jackson,5057,7140,"Friday, October 2, 2015",26000,"6-day champion: $166,401",Regular Season,Regular Season,24200,27,3,1,0
Matt Jackson,5056,7139,"Thursday, October 1, 2015",34401,"5-day champion: $140,401",Regular Season,Regular Season,24600,26,2,1,0
Matt Jackson,5055,7138,"Wednesday, September 30, 2015",24800,"4-day champion: $106,000",Regular Season,Regular Season,28400,33,2,1,0
Matt Jackson,5053,7137,"Tuesday, September 29, 2015",30000,"3-day champion: $81,200",Regular Season,Regular Season,20600,24,2,2,0
Matt Jackson,5052,7136,"Monday, September 28, 2015",30000,"2-day champion: $51,200",Regular Season,Regular Season,29200,34,3,1,0
Matt Jackson,5050,7135,"Friday, September 25, 2015",21200,"New champion: $21,200",Regular Season,Regular Season,17200,24,1,0,0
Matt Jackson,6232,7942,"Tuesday, March 5, 2019",16200,Accumulated Game,Tournament,All-Star Games,16200,21,0,2,0
Matt Jackson,6231,7941,"Monday, March 4, 2019",32500,Accumulated Game,Tournament,All-Star Games,22800,22,1,1,0
Matt Jackson,6228,7938,"Wednesday, February 27, 2019",30738,Accumulated Game,Tournament,All-Star Games,24400,27,2,2,0
Matt Jackson,6227,7937,"Tuesday, February 26, 2019",40003,Accumulated Game,Tournament,All-Star Games,24000,27,3,2,0
Jason Zuffranieri,6425,8059,"Thursday, September 26, 2019",19500,"2nd place: $2,000",Regular Season,Regular Season,21000,25,0,0,0
Jason Zuffranieri,6424,8058,"Wednesday, September 25, 2019",30400,"19-day champion: $532,496",Regular Season,Regular Season,25000,26,2,0,0
Jason Zuffranieri,6423,8057,"Tuesday, September 24, 2019",30000,"18-day champion: $502,096",Regular Season,Regular Season,28000,31,2,1,1
Jason Zuffranieri,6422,8056,"Monday, September 23, 2019",35000,"17-day champion: $472,096",Regular Season,Regular Season,26000,30,2,2,0
Jason Zuffranieri,6420,8055,"Friday, September 20, 2019",18753,"16-day champion: $437,096",Regular Season,Regular Season,21600,26,2,3,1
Jason Zuffranieri,6419,8054,"Thursday, September 19, 2019",18800,"15-day champion: $418,343",Regular Season,Regular Season,16800,22,0,1,0
Jason Zuffranieri,6418,8053,"Wednesday, September 18, 2019",37600,"14-day champion: $399,543",Regular Season,Regular Season,27400,30,2,3,1
Jason Zuffranieri,6417,8052,"Tuesday, September 17, 2019",5300,"13-day champion: $361,943",Regular Season,Regular Season,23000,29,1,1,0
Jason Zuffranieri,6416,8051,"Monday, September 16, 2019",24400,"12-day champion: $356,643",Regular Season,Regular Season,25800,27,3,1,0
Jason Zuffranieri,6414,8050,"Friday, September 13, 2019",58400,"11-day champion: $332,243",Regular Season,Regular Season,33200,38,3,1,0
Jason Zuffranieri,6413,8049,"Thursday, September 12, 2019",40600,"10-day champion: $273,843",Regular Season,Regular Season,30400,35,2,2,0
Jason Zuffranieri,6412,8048,"Wednesday, September 11, 2019",41143,"9-day champion: $233,243",Regular Season,Regular Season,28400,35,2,3,1
Jason Zuffranieri,6411,8047,"Tuesday, September 10, 2019",25600,"8-day champion: $192,100",Regular Season,Regular Season,21400,27,3,1,0
Jason Zuffranieri,6410,8046,"Monday, September 9, 2019",29200,"7-day champion: $166,500",Regular Season,Regular Season,28600,29,2,2,1
Jason Zuffranieri,6389,8045,"Friday, July 26, 2019",27600,"6-day champion: $137,300",Regular Season,Regular Season,27800,34,2,4,1
Jason Zuffranieri,6388,8044,"Thursday, July 25, 2019",4400,"5-day champion: $109,700",Regular Season,Regular Season,18200,18,1,2,1
Jason Zuffranieri,6386,8043,"Wednesday, July 24, 2019",30000,"4-day champion: $105,300",Regular Season,Regular Season,21200,28,1,3,1
Jason Zuffranieri,6384,8042,"Tuesday, July 23, 2019",30100,"3-day champion: $75,300",Regular Season,Regular Season,18600,26,1,2,0
Jason Zuffranieri,6381,8041,"Monday, July 22, 2019",18600,"2-day champion: $45,200",Regular Season,Regular Season,23800,24,1,1,0
Jason Zuffranieri,6379,8040,"Friday, July 19, 2019",26600,"New champion: $26,600",Regular Season,Regular Season,22000,25,2,1,0
Roger Craig,3459,5977,"Tuesday, September 14, 2010",77000,"2-day champion: $114,000",Regular Season,Regular Season,34400,39,3,4,0
Roger Craig,3464,5982,"Tuesday, September 21, 2010",4599,"3rd place: $1,000",Regular Season,Regular Season,19600,27,1,2,0
Roger Craig,3463,5981,"Monday, September 20, 2010",34399,"6-day champion: $230,200",Regular Season,Regular Season,23800,23,2,2,0
Roger Craig,3462,5980,"Friday, September 17, 2010",29000,"5-day champion: $195,801",Regular Season,Regular Season,23200,26,1,3,0
Roger Craig,3461,5979,"Thursday, September 16, 2010",28400,"4-day champion: $166,801",Regular Season,Regular Season,19400,25,2,4,0
Roger Craig,3460,5978,"Wednesday, September 15, 2010",24401,"3-day champion: $138,401",Regular Season,Regular Season,22600,31,1,2,1
Roger Craig,3458,5976,"Monday, September 13, 2010",37000,"New champion: $37,000",Regular Season,Regular Season,22600,28,2,1,0
Roger Craig,3760,6247,"Tuesday, November 15, 2011",1200,Accumulated Game,Tournament,Tournament of Champions,13000,25,1,6,0
Roger Craig,3759,6246,"Monday, November 14, 2011",50000,Accumulated Game,Tournament,Tournament of Champions,19000,24,2,3,0
Roger Craig,3757,6245,"Friday, November 11, 2011",27600,Finalist,Tournament,Tournament of Champions,12400,21,3,6,0
Roger Craig,3752,6239,"Thursday, November 3, 2011",19600,Automatic semifinalist,Tournament,Tournament of Champions,32000,36,2,3,0
Roger Craig,6230,7940,"Friday, March 1, 2019",0,Accumulated Game,Tournament,All-Star Games,11400,17,0,5,1
Roger Craig,6229,7939,"Thursday, February 28, 2019",5200,Accumulated Game,Tournament,All-Star Games,15600,19,0,2,0
Roger Craig,6228,7938,"Wednesday, February 27, 2019",13600,Accumulated Game,Tournament,All-Star Games,13400,15,1,0,0
Roger Craig,6227,7937,"Tuesday, February 26, 2019",8000,Accumulated Game,Tournament,All-Star Games,6800,14,0,6,0
Roger Craig,4506,6840,"Friday, May 16, 2014",4000,Accumulated Game,Tournament,Battle of the Decades,12200,17,0,5,1
Roger Craig,4505,6839,"Thursday, May 15, 2014",800,Accumulated Game,Tournament,Battle of the Decades,9400,13,0,3,1
Roger Craig,4504,6838,"Wednesday, May 14, 2014",12799,Finalist,Tournament,Battle of the Decades,16800,24,1,8,0
Roger Craig,4494,6831,"Monday, May 5, 2014",22078,Automatic semifinalist,Tournament,Battle of the Decades,15400,22,2,6,0
Roger Craig,4461,6807,"Tuesday, April 1, 2014",17601,Quarterfinalist,Tournament,Battle of the Decades,11800,21,2,5,0
Colby Burnett,4017,6482,"Tuesday, November 20, 2012",18671,Accumulated Game,Tournament,Teachers Tournament,20600,20,0,0,0
Colby Burnett,4016,6481,"Monday, November 19, 2012",10600,Accumulated Game,Tournament,Teachers Tournament,11800,18,1,1,0
Colby Burnett,4014,6480,"Friday, November 16, 2012",14701,Finalist,Tournament,Teachers Tournament,17800,23,0,4,1
Colby Burnett,4008,6473,"Wednesday, November 7, 2012",20001,Automatic semifinalist,Tournament,Teachers Tournament,18400,24,2,3,0
Colby Burnett,4092,6552,"Tuesday, February 26, 2013",14400,Accumulated Game,Tournament,Tournament of Champions,16800,18,1,3,1
Colby Burnett,4090,6551,"Monday, February 25, 2013",22200,Accumulated Game,Tournament,Tournament of Champions,21200,24,0,2,0
Colby Burnett,4087,6549,"Thursday, February 21, 2013",38401,Finalist,Tournament,Tournament of Champions,21200,22,2,0,0
Colby Burnett,4079,6544,"Thursday, February 14, 2013",16400,Automatic semifinalist,Tournament,Tournament of Champions,15400,20,1,1,1
Colby Burnett,6231,7941,"Monday, March 4, 2019",8000,Accumulated Game,Tournament,All-Star Games,4000,6,0,1,0
Colby Burnett,6224,7934,"Thursday, February 21, 2019",0,Accumulated Game,Tournament,All-Star Games,6400,10,0,0,0
Colby Burnett,6232,7942,"Tuesday, March 5, 2019",16601,Accumulated Game,Tournament,All-Star Games,9600,12,0,0,0
Colby Burnett,6230,7940,"Friday, March 1, 2019",7499,Accumulated Game,Tournament,All-Star Games,7600,16,0,3,0
Colby Burnett,6229,7939,"Thursday, February 28, 2019",7600,Accumulated Game,Tournament,All-Star Games,16200,15,2,1,0
Colby Burnett,6225,7935,"Friday, February 22, 2019",21800,Accumulated Game,Tournament,All-Star Games,11000,15,0,2,0
Colby Burnett,4504,6838,"Wednesday, May 14, 2014",4099,"2nd place: $25,000",Tournament,Battle of the Decades,13400,16,0,1,1
Colby Burnett,4500,6835,"Friday, May 9, 2014",11000,"2nd place: $10,000 if eliminated",Tournament,Battle of the Decades,12200,11,1,2,1
Colby Burnett,4462,6806,"Monday, March 31, 2014",16201,Quarterfinalist,Tournament,Battle of the Decades,16400,18,2,1,0
Julia Collins,4731,6945,"Friday, November 21, 2014",5600,Accumulated Game,Tournament,Tournament of Champions,7600,13,0,3,0
Julia Collins,4730,6944,"Thursday, November 20, 2014",6400,Accumulated Game,Tournament,Tournament of Champions,12000,13,2,1,0
Julia Collins,4726,6941,"Monday, November 17, 2014",16500,Finalist,Tournament,Tournament of Champions,12000,17,0,2,0
Julia Collins,4722,6938,"Wednesday, November 12, 2014",9100,"2nd place: $5,000 if eliminated",Tournament,Tournament of Champions,13400,21,1,2,0
Julia Collins,4527,6851,"Monday, June 2, 2014",0,"3rd place: $1,000",Regular Season,Regular Season,13400,21,1,3,1
Julia Collins,4523,6850,"Friday, May 30, 2014",18100,"20-day champion: $428,100",Regular Season,Regular Season,15800,21,0,4,2
Julia Collins,4521,6849,"Thursday, May 29, 2014",18400,"19-day champion: $410,000",Regular Season,Regular Season,24600,27,2,2,1
Julia Collins,4519,6848,"Wednesday, May 28, 2014",18900,"18-day champion: $391,600",Regular Season,Regular Season,19800,24,1,1,1
Julia Collins,4516,6847,"Tuesday, May 27, 2014",35000,"17-day champion: $372,700",Regular Season,Regular Season,22800,29,2,2,0
Julia Collins,4514,6846,"Monday, May 26, 2014",22800,"16-day champion: $337,700",Regular Season,Regular Season,28600,29,2,1,0
Julia Collins,4511,6845,"Friday, May 23, 2014",30800,"15-day champion: $314,900",Regular Season,Regular Season,28200,37,3,4,0
Julia Collins,4510,6844,"Thursday, May 22, 2014",22690,"14-day champion: $284,100",Regular Season,Regular Season,19600,23,2,1,0
Julia Collins,4509,6843,"Wednesday, May 21, 2014",15800,"13-day champion: $261,410",Regular Season,Regular Season,17400,22,1,2,1
Julia Collins,4508,6842,"Tuesday, May 20, 2014",14300,"12-day champion: $245,610",Regular Season,Regular Season,21800,26,1,3,1
Julia Collins,4507,6841,"Monday, May 19, 2014",10700,"11-day champion: $231,310",Regular Season,Regular Season,18200,22,1,2,1
Julia Collins,4488,6830,"Friday, May 2, 2014",21900,"10-day champion: $220,610",Regular Season,Regular Season,17600,24,1,1,0
Julia Collins,4489,6829,"Thursday, May 1, 2014",28100,"9-day champion: $198,710",Regular Season,Regular Season,15000,19,2,3,0
Julia Collins,4485,6828,"Wednesday, April 30, 2014",25700,"8-day champion: $170,610",Regular Season,Regular Season,21200,25,1,2,1
Julia Collins,4484,6827,"Tuesday, April 29, 2014",20100,"7-day champion: $144,910",Regular Season,Regular Season,22800,25,1,2,0
Julia Collins,4483,6826,"Monday, April 28, 2014",22000,"6-day champion: $124,810",Regular Season,Regular Season,18200,20,2,1,0
Julia Collins,4481,6825,"Friday, April 25, 2014",29700,"5-day champion: $102,810",Regular Season,Regular Season,20600,25,0,1,0
Julia Collins,4482,6824,"Thursday, April 24, 2014",20005,"4-day champion: $73,110",Regular Season,Regular Season,22000,26,1,1,1
Julia Collins,4480,6823,"Wednesday, April 23, 2014",16500,"3-day champion: $53,105",Regular Season,Regular Season,12200,18,1,2,0
Julia Collins,4479,6822,"Tuesday, April 22, 2014",21000,"2-day champion: $36,605",Regular Season,Regular Season,19600,25,1,1,1
Julia Collins,4478,6821,"Monday, April 21, 2014",15605,"New champion: $15,605",Regular Season,Regular Season,8000,16,0,3,0
Julia Collins,6228,7938,"Wednesday, February 27, 2019",15600,Accumulated Game,Tournament,All-Star Games,7800,10,0,1,0
Julia Collins,6227,7937,"Tuesday, February 26, 2019",0,Accumulated Game,Tournament,All-Star Games,11200,16,0,0,0
